{"Cn": {"cn_alpha": [0.00033779717072697474, 0, 0.008960526129281816, 0.009678904652710794, 0.010208832547702783, 0.010712810022392487, 0.011203653927327481, 0.011694000058755986, 0.01207718854816958, 0.012115103365674096, 0.011422161202665844, 0.01004768085040509, 0.009157842419046568, 0.007769875022894418, 0.006192640378141626, 0.00459392945052222, 0.0034069715233884202, 0.0021362701955331097, 0], "cn_beta": [0, 0, 0, 0, 0, -0.2335799244757751, -0.07657168678625415, -0.026182391498665608, -0.03521962869162149, 0.012115103365674096, 0.058714349261811946, 0.05238956919213393, 0.1644196815555733, 0, 0, 0, 0, 0, 0], "cn_u": [0.012120354527436622, 0.0121221446428824, 0.012123082352184986, 0.012123703028892083, 0.012124160462692784, 0.01212451935225366, 0.012124812744468427, 0.012125059682710642, 0.012125272090483695], "cn_p": [0, 0, 0, 0, 0, 0, 0, 0, -1.6649541601556763, 0.012115103365674096, 1.6860709286407891, 0, 0, 0, 0, 0, 0, 0, 0], "cn_q": [0, 0, 0, 0, 0, 0, 0, 0, 2.3924651403918853, 0.012115103365674096, 0, 0, 0, 0, 0, 0, 0, 0, 0], "cn_r": [0, 0, 0, 0, 0, 0, 0, 0, 2.3924651403918853, 0.012115103365674096, 0, 0, 0, 0, 0, 0, 0, 0, 0], "cn_aileron": [0.012115103365674096, 0.012115103365674096, 0.012115103365674096, 0.012115103365674096, 0.012115103365674096, 0.012115103365674096, 0.012115103365674096, 0.012115103365674096, 0.012115103365674096, 0.012115103365674096, 0.012115103365674096, 0.012115103365674096, 0.012115103365674096, 0.012115103365674096, 0.012115103365674096, 0.012115103365674096, 0.012115103365674096, 0.012115103365674096, 0.012115103365674096], "cn_rudder": [0.012115103365674096, 0.012115103365674096, 0.012115103365674096, 0.012115103365674096, 0.012115103365674096, 0.012115103365674096, 0.012115103365674096, 0.012115103365674096, 0.012115103365674096, 0.012115103365674096, 0.012115103365674096, 0.012115103365674096, 0.012115103365674096, 0.012115103365674096, 0.012115103365674096, 0.012115103365674096, 0.012115103365674096, 0.012115103365674096, 0.012115103365674096], "cn_elevator": [0.012115103365674096, 0.012115103365674096, 0.012115103365674096, 0.012115103365674096, 0.012115103365674096, 0.012115103365674096, 0.012115103365674096, 0.012115103365674096, 0.012115103365674096, 0.012115103365674096, 0.012115103365674096, 0.012115103365674096, 0.012115103365674096, 0.012115103365674096, 0.012115103365674096, 0.012115103365674096, 0.012115103365674096, 0.012115103365674096, 0.012115103365674096]}, "Cl": {"cl_alpha": [0.0032210815848894014, 0, -0.008087039261754277, -0.007254457871223617, -0.006272135650798309, -0.005243932485470355, -0.0041794093855593685, -0.003093131912784246, -0.0019888057968699036, -0.00086515548920083, 0.0001901110335131891, 0.0010619770534989132, 0.0017350933459959277, 0.0021522347972144813, 0.0022826826913531764, 0.0021410467943531047, 0.0021093006083104933, 0.0017217821553677877, 0], "cl_beta": [0, 0, 0, 0, 0, 0.04725279895456482, -0.044625319531705857, -0.019098768288389852, -0.03658977139280527, -0.00086515548920083, 0.03524715206601437, 0.017389242681452075, 0.10178508434539965, 0, 0, 0, 0, 0, 0], "cl_u": [-0.0008662534370210901, -0.0008666277262623268, -0.0008668237887588593, -0.0008669535639721229, -0.0008670492072730033, -0.0008671242462889227, -0.0008671855906841765, -0.0008672372221739271, -0.00086728163380359], "cl_p": [0, 0, 0, 0, 0, 0, 0, 0, 129.3537940381522, -0.00086515548920083, -129.35133473581743, 0, 0, 0, 0, 0, 0, 0, 0], "cl_q": [0, 0, 0, 0, 0, 0, 0, 0, 2.010837391109057, -0.00086515548920083, 0, 0, 0, 0, 0, 0, 0, 0, 0], "cl_r": [0, 0, 0, 0, 0, 0, 0, 0, 2.010837391109057, -0.00086515548920083, 0, 0, 0, 0, 0, 0, 0, 0, 0], "cl_aileron": [-0.00086515548920083, -0.00086515548920083, -0.00086515548920083, -0.00086515548920083, -0.00086515548920083, -0.00086515548920083, -0.00086515548920083, -0.00086515548920083, -0.00086515548920083, -0.00086515548920083, -0.00086515548920083, -0.00086515548920083, -0.00086515548920083, -0.00086515548920083, -0.00086515548920083, -0.00086515548920083, -0.00086515548920083, -0.00086515548920083, -0.00086515548920083], "cl_rudder": [-0.00086515548920083, -0.00086515548920083, -0.00086515548920083, -0.00086515548920083, -0.00086515548920083, -0.00086515548920083, -0.00086515548920083, -0.00086515548920083, -0.00086515548920083, -0.00086515548920083, -0.00086515548920083, -0.00086515548920083, -0.00086515548920083, -0.00086515548920083, -0.00086515548920083, -0.00086515548920083, -0.00086515548920083, -0.00086515548920083, -0.00086515548920083], "cl_elevator": [-0.00086515548920083, -0.00086515548920083, -0.00086515548920083, -0.00086515548920083, -0.00086515548920083, -0.00086515548920083, -0.00086515548920083, -0.00086515548920083, -0.00086515548920083, -0.00086515548920083, -0.00086515548920083, -0.00086515548920083, -0.00086515548920083, -0.00086515548920083, -0.00086515548920083, -0.00086515548920083, -0.00086515548920083, -0.00086515548920083, -0.00086515548920083]}, "Cm": {"cm_alpha": [9.56039672929533, 0, 6.91712218466039, 6.052758993438093, 5.219001776011067, 4.355849582354697, 3.4358475213217425, 2.458450515956282, 1.4341750493735317, 0.3677660909878299, -0.7285890006509, -1.7949653262255236, -2.8280665475791658, -3.8171894976729472, -4.756652361192647, -5.666164991614864, -6.606915567908357, -8.087745536786864, 0], "cm_beta": [0, 0, 0, 0, 0, -1.7776839951678953, 0.8293903683344759, 0.2970160036551938, 7.6496539652284135, 0.3677660909878299, 7.617370346920365, 0.29759320894276986, 2.6909920394250118, 0, 0, 0, 0, 0, 0], "cm_u": [0.3673942429702975, 0.36726748037760487, 0.36720107881525405, 0.3671571271311316, 0.3671247350892111, 0.3670993212136234, 0.3670785453704182, 0.3670610590502527, 0.3670460179197583], "cm_p": [0, 0, 0, 0, 0, 0, 0, 0, 2.084804866146843, 0.3677660909878299, 1.5074906221780449, 0, 0, 0, 0, 0, 0, 0, 0], "cm_q": [0, 0, 0, 0, 0, 0, 0, 0, 9092.389987926088, 0.3677660909878299, 0, 0, 0, 0, 0, 0, 0, 0, 0], "cm_r": [0, 0, 0, 0, 0, 0, 0, 0, 9092.389987926088, 0.3677660909878299, 0, 0, 0, 0, 0, 0, 0, 0, 0], "cm_aileron": [0.3677660909878299, 0.3677660909878299, 0.3677660909878299, 0.3677660909878299, 0.3677660909878299, 0.3677660909878299, 0.3677660909878299, 0.3677660909878299, 0.3677660909878299, 0.3677660909878299, 0.3677660909878299, 0.3677660909878299, 0.3677660909878299, 0.3677660909878299, 0.3677660909878299, 0.3677660909878299, 0.3677660909878299, 0.3677660909878299, 0.3677660909878299], "cm_rudder": [0.3677660909878299, 0.3677660909878299, 0.3677660909878299, 0.3677660909878299, 0.3677660909878299, 0.3677660909878299, 0.3677660909878299, 0.3677660909878299, 0.3677660909878299, 0.3677660909878299, 0.3677660909878299, 0.3677660909878299, 0.3677660909878299, 0.3677660909878299, 0.3677660909878299, 0.3677660909878299, 0.3677660909878299, 0.3677660909878299, 0.3677660909878299], "cm_elevator": [0.3677660909878299, 0.3677660909878299, 0.3677660909878299, 0.3677660909878299, 0.3677660909878299, 0.3677660909878299, 0.3677660909878299, 0.3677660909878299, 0.3677660909878299, 0.3677660909878299, 0.3677660909878299, 0.3677660909878299, 0.3677660909878299, 0.3677660909878299, 0.3677660909878299, 0.3677660909878299, 0.3677660909878299, 0.3677660909878299, 0.3677660909878299]}, "CL": {"col_alpha": [-1.168403322706176, 0, -1.396489119938476, -1.4299091382664533, -1.3848467305218408, -1.2559372532249518, -1.0505990414866193, -0.7857400076588046, -0.4813149919336432, -0.15548437539864898, 0.17508240542198095, 0.48582607560440044, 0.7605595077814129, 0.9809433344100212, 1.1304784365979568, 1.2008426112463992, 1.195067956615657, 1.149560527512068, 0], "col_beta": [0, 0, 0, 0, 0, 0.1360503037538224, -0.23587757343014698, -0.15092166110790395, -1.1274152056954263, -0.15548437539864898, -1.1236206019456256, -0.1511393555046946, -0.5110583197322585, 0, 0, 0, 0, 0, 0],