{"mass": {"mass_of_battery": 2.5, "mass_of_power_plant": 2.3, "mass_of_payload": 2.3, "maximum_take_off_mass": 7.1}, "wing_structure": {"rib_mass": 0.3, "spar_mass": 0.3, "spar_1_position": 0.2, "spar_2_position": 0.3, "spar_3_position": 0.6, "wing_reference_area": 2.8971833170988273, "wing_mac": [NaN, NaN, NaN, NaN]}, "vtp_structure": {"rib_mass": 0.3, "spar_mass": 0.3, "spar_1_position": 0.5, "spar_2_position": 0.5, "spar_3_position": 0.5, "vtp_reference_area": 0.3124306139164611, "vtp_mac": [0.34999315451178714, 9.220892046707412, 2.4487967157152405e-17, 0.3999188529166431]}, "htp_structure": {"rib_mass": 0.3, "spar_mass": 0.3, "spar_1_position": 0.6, "spar_2_position": 0.6, "spar_3_position": 0.6, "htp_reference_area": 0.5355889059000648, "htp_mac": [0.43252555374564106, 8.896281320315484, 0.5901573111996482, 0.0]}, "Inertia": {"Ixx": 70.81698622519997, "Iyy": 22.122291809456897, "Izz": 92.94772156119973, "Ixz": 0.34805716838831113, "cg_x": 4.861313237204958, "cg_y": 0.009292638221783488, "cg_z": 0.027587943534343545}}