{"Cn": {"cn_beta": [[0.0, 0.0, 0.0], [0.0, 3.904e-07, 0.0], [99999.0, 99999.0, 99999.0], [99999.0, 99999.0, 99999.0], [99999.0, 99999.0, 99999.0], [99999.0, 99999.0, 99999.0], [99999.0, 99999.0, 99999.0], [99999.0, 99999.0, 99999.0], [99999.0, 99999.0, 99999.0], [99999.0, 99999.0, 99999.0]], "cn_p": [[0.0, 0.0, 0.0], [-6.3e-07, 7.466e-05, 0.0], [0.0, 0.0, 0.0], [-1.26e-06, 0.0001493, 0.0], [0.0, 0.0, 0.0], [-1.89e-06, 0.000224, 0.0], [0.0, 0.0, 0.0], [-2.52e-06, 0.0002986, 0.0], [0.0, 0.0, 0.0], [-3.15e-06, 0.0003733, 0.0]], "cn_r": [[0.0, 0.0, 0.0], [0.0, 0.0, 0.0], [0.0, 0.0, 0.0], [0.0, 0.0, 0.0], [0.0, 0.0, 0.0], [0.0, 0.0, 0.0], [0.0, 0.0, 0.0], [0.0, 0.0, 0.0], [0.0, 0.0, 0.0], [0.0, 0.0, 0.0]]}, "Cl": {"cl_beta": [[0.0, 0.0, 0.0], [-0.0002112, -3.472e-05, 0.0], [0.0, 0.0, 0.0], [-0.0002152, -3.472e-05, 0.0], [0.0, 0.0, 0.0], [-0.0002192, -3.472e-05, 0.0], [0.0, 0.0, 0.0], [-0.0002233, -3.472e-05, 0.0], [0.0, 0.0, 0.0], [-0.0002274, -3.472e-05, 0.0]], "cl_p": [[0.0, 0.0, 0.0], [-0.004301, -4.235e-06, 0.0], [0.0, 0.0, 0.0], [99999.0, 99999.0, 0.0], [0.0, 0.0, 0.0], [99999.0, 99999.0, 0.0], [0.0, 0.0, 0.0], [99999.0, 99999.0, 0.0], [0.0, 0.0, 0.0], [99999.0, 99999.0, 0.0]], "cl_r": [[0.0, 0.0, 0.0], [0.0, 0.0, 0.0], [0.0, 0.0, 0.0], [0.0, 0.0, 0.0], [0.0, 0.0, 0.0], [0.0, 0.0, 0.0], [0.0, 0.0, 0.0], [0.0, 0.0, 0.0], [0.0, 0.0, 0.0], [0.0, 0.0, 0.0]]}, "Cm": {"cm_alpha": [[-0.03936, -0.000987, 0.0], [-0.02408, -0.001379, 0.0], [99999.0, 99999.0, 99999.0], [99999.0, 99999.0, 99999.0], [99999.0, 99999.0, 99999.0], [99999.0, 99999.0, 99999.0], [99999.0, 99999.0, 99999.0], [99999.0, 99999.0, 99999.0], [99999.0, 99999.0, 99999.0], [99999.0, 99999.0, 99999.0]], "cm_q": [[-0.07697, -0.008009, 0.0], [-0.03801, 0.5563, 0.0], [99999.0, 99999.0, 99999.0], [99999.0, 99999.0, 99999.0], [99999.0, 99999.0, 99999.0], [99999.0, 99999.0, 99999.0], [99999.0, 99999.0, 99999.0], [99999.0, 99999.0, 99999.0], [99999.0, 99999.0, 99999.0], [99999.0, 99999.0, 99999.0]]}, "CL": {"col_alpha": [[0.0, 0.006568, 0.0852], [0.0, 0.005305, 0.03996], [99999.0, 99999.0, 99999.0], [0.005548, 0.04154, 99999.0], [99999.0, 99999.0, 99999.0], [0.005638, 0.04211, 99999.0], [99999.0, 99999.0, 99999.0], [0.005705, 0.04252, 99999.0], [99999.0, 99999.0, 99999.0], [0.005761, 0.04285, 99999.0]], "col_q": [[0.003616, 0.1213, 0.0], [-2.141, 0.0489, 0.0], [99999.0, 99999.0, 99999.0], [99999.0, 99999.0, 99999.0], [99999.0, 99999.0, 99999.0], [99999.0, 99999.0, 99999.0], [99999.0, 99999.0, 99999.0], [99999.0, 99999.0, 99999.0], [99999.0, 99999.0, 99999.0], [99999.0, 99999.0, 99999.0]]}, "CD": {"cd_alpha": [[0.012, 0.108, 0.0], [0.002, 0.006, 0.04], [99999.0, 99999.0, 99999.0], [0.006, 0.045, 99999.0], [99999.0, 99999.0, 99999.0], [0.007, 0.052, 99999.0], [99999.0, 99999.0, 99999.0], [0.008, 0.063, 99999.0], [99999.0, 99999.0, 99999.0], [0.009, 0.078, 99999.0]], "cd_q": [[0.012, 0.108, 0.0], [0.002, 0.006, 0.04], [99999.0, 99999.0, 99999.0], [0.006, 0.045, 99999.0], [99999.0, 99999.0, 99999.0], [0.007, 0.052, 99999.0], [99999.0, 99999.0, 99999.0], [0.008, 0.063, 99999.0], [99999.0, 99999.0, 99999.0], [0.009, 0.078, 99999.0]]}, "CY": {"cy_beta": [[0.0, 0.0, 0.0], [0.0, -0.0001372, 0.0], [99999.0, 99999.0, 99999.0], [99999.0, 99999.0, 99999.0], [99999.0, 99999.0, 99999.0], [99999.0, 99999.0, 99999.0], [99999.0, 99999.0, 99999.0], [99999.0, 99999.0, 99999.0], [99999.0, 99999.0, 99999.0], [99999.0, 99999.0, 99999.0]], "cy_p": [[0.0, 0.0, 0.0], [6.861e-06, 1.23e-05, 0.0], [0.0, 0.0, 0.0], [1.372e-05, 2.46e-05, 0.0], [0.0, 0.0, 0.0], [2.058e-05, 3.69e-05, 0.0], [0.0, 0.0, 0.0], [2.744e-05, 4.92e-05, 0.0], [0.0, 0.0, 0.0], [3.431e-05, 6.15e-05, 0.0]]}}