{"Cn": {"cn_beta": [[0.0, 0.0, 0.0], [0.0, 0.0, 0.0], [0.0, 3.836e-07, 0.0], [0.0, 4.635e-07, 0.0], [0.0, 4.283e-07, 0.0], [0.0, 3.904e-07, 0.0], [99999.0, 99999.0, 99999.0], [99999.0, 99999.0, 99999.0], [99999.0, 99999.0, 99999.0], [99999.0, 99999.0, 99999.0], [99999.0, 99999.0, 99999.0], [99999.0, 99999.0, 99999.0], [99999.0, 99999.0, 99999.0], [99999.0, 99999.0, 99999.0], [99999.0, 99999.0, 99999.0], [99999.0, 99999.0, 99999.0], [99999.0, 99999.0, 99999.0], [99999.0, 99999.0, 99999.0], [99999.0, 99999.0, 99999.0], [99999.0, 99999.0, 99999.0], [99999.0, 99999.0, 99999.0], [99999.0, 99999.0, 99999.0], [99999.0, 99999.0, 99999.0], [99999.0, 99999.0, 99999.0], [99999.0, 99999.0, 99999.0], [99999.0, 99999.0, 99999.0], [99999.0, 99999.0, 99999.0], [99999.0, 99999.0, 99999.0], [99999.0, 99999.0, 99999.0], [99999.0, 99999.0, 99999.0], [99999.0, 99999.0, 99999.0], [99999.0, 99999.0, 99999.0], [99999.0, 99999.0, 99999.0], [99999.0, 99999.0, 99999.0], [99999.0, 99999.0, 99999.0], [99999.0, 99999.0, 99999.0], [99999.0, 99999.0, 99999.0], [99999.0, 99999.0, 99999.0], [99999.0, 99999.0, 99999.0], [99999.0, 99999.0, 99999.0], [99999.0, 99999.0, 99999.0], [99999.0, 99999.0, 99999.0], [99999.0, 99999.0, 99999.0], [99999.0, 99999.0, 99999.0], [99999.0, 99999.0, 99999.0], [99999.0, 99999.0, 99999.0], [99999.0, 99999.0, 99999.0], [99999.0, 99999.0, 99999.0], [99999.0, 99999.0, 99999.0], [99999.0, 99999.0, 99999.0], [99999.0, 99999.0, 99999.0], [99999.0, 99999.0, 99999.0], [99999.0, 99999.0, 99999.0], [99999.0, 99999.0, 99999.0]], "cn_p": [[0.0, 0.0, 0.0], [0.0, 0.0, 0.0], [-1.013e-06, 0.0001011, 0.0], [-7.824e-07, 8.143e-05, 0.0], [-6.798e-07, 7.467e-05, 0.0], [-6.3e-07, 7.466e-05, 0.0], [0.0, 0.0, 0.0], [0.0, 0.0, 0.0], [-1.519e-06, 0.0001517, 0.0], [-1.174e-06, 0.0001221, 0.0], [-1.02e-06, 0.000112, 0.0], [-9.45e-07, 0.000112, 0.0], [0.0, 0.0, 0.0], [0.0, 0.0, 0.0], [-2.025e-06, 0.0002023, 0.0], [-1.565e-06, 0.0001629, 0.0], [-1.36e-06, 0.0001493, 0.0], [-1.26e-06, 0.0001493, 0.0], [0.0, 0.0, 0.0], [0.0, 0.0, 0.0], [-2.532e-06, 0.0002529, 0.0], [-1.956e-06, 0.0002036, 0.0], [-1.7e-06, 0.0001867, 0.0], [-1.575e-06, 0.0001866, 0.0], [0.0, 0.0, 0.0], [0.0, 0.0, 0.0], [-3.038e-06, 0.0003034, 0.0], [-2.347e-06, 0.0002443, 0.0], [-2.039e-06, 0.000224, 0.0], [-1.89e-06, 0.000224, 0.0], [0.0, 0.0, 0.0], [0.0, 0.0, 0.0], [-3.544e-06, 0.000354, 0.0], [-2.738e-06, 0.000285, 0.0], [-2.379e-06, 0.0002613, 0.0], [-2.205e-06, 0.0002613, 0.0], [0.0, 0.0, 0.0], [0.0, 0.0, 0.0], [-4.051e-06, 0.0004046, 0.0], [-3.13e-06, 0.0003257, 0.0], [-2.719e-06, 0.0002987, 0.0], [-2.52e-06, 0.0002986, 0.0], [0.0, 0.0, 0.0], [0.0, 0.0, 0.0], [-4.557e-06, 0.0004552, 0.0], [-3.521e-06, 0.0003664, 0.0], [-3.059e-06, 0.000336, 0.0], [-2.835e-06, 0.000336, 0.0], [0.0, 0.0, 0.0], [0.0, 0.0, 0.0], [-5.063e-06, 0.0005057, 0.0], [-3.912e-06, 0.0004071, 0.0], [-3.399e-06, 0.0003733, 0.0], [-3.15e-06, 0.0003733, 0.0]], "cn_r": [[0.0, 0.0, 0.0], [0.0, 0.0, 0.0], [0.0, 0.0, 0.0], [0.0, 0.0, 0.0], [0.0, 0.0, 0.0], [0.0, 0.0, 0.0], [0.0, 0.0, 0.0], [0.0, 0.0, 0.0], [0.0, 0.0, 0.0], [0.0, 0.0, 0.0], [0.0, 0.0, 0.0], [0.0, 0.0, 0.0], [0.0, 0.0, 0.0], [0.0, 0.0, 0.0], [0.0, 0.0, 0.0], [0.0, 0.0, 0.0], [0.0, 0.0, 0.0], [0.0, 0.0, 0.0], [0.0, 0.0, 0.0], [0.0, 0.0, 0.0], [0.0, 0.0, 0.0], [0.0, 0.0, 0.0], [0.0, 0.0, 0.0], [0.0, 0.0, 0.0], [0.0, 0.0, 0.0], [0.0, 0.0, 0.0], [0.0, 0.0, 0.0], [0.0, 0.0, 0.0], [0.0, 0.0, 0.0], [0.0, 0.0, 0.0], [0.0, 0.0, 0.0], [0.0, 0.0, 0.0], [0.0, 0.0, 0.0], [0.0, 0.0, 0.0], [0.0, 0.0, 0.0], [0.0, 0.0, 0.0], [0.0, 0.0, 0.0], [0.0, 0.0, 0.0], [0.0, 0.0, 0.0], [0.0, 0.0, 0.0], [0.0, 0.0, 0.0], [0.0, 0.0, 0.0], [0.0, 0.0, 0.0], [0.0, 0.0, 0.0], [0.0, 0.0, 0.0], [0.0, 0.0, 0.0], [0.0, 0.0, 0.0], [0.0, 0.0, 0.0], [0.0, 0.0, 0.0], [0.0, 0.0, 0.0], [0.0, 0.0, 0.0], [0.0, 0.0, 0.0], [0.0, 0.0, 0.0], [0.0, 0.0, 0.0]]}, "Cl": {"cl_beta": [[0.0, 0.0, 0.0], [0.0, 0.0, 0.0], [-0.0002505, -4.309e-05, 0.0], [-0.0002001, -4.068e-05, 0.0], [-0.0001872, -3.75e-05, 0.0], [-0.0002112, -3.472e-05, 0.0], [0.0, 0.0, 0.0], [0.0, 0.0, 0.0], [-0.0002556, -4.309e-05, 0.0], [-0.0002034, -4.068e-05, 0.0], [-0.0001896, -3.75e-05, 0.0], [-0.0002132, -3.472e-05, 0.0], [0.0, 0.0, 0.0], [0.0, 0.0, 0.0], [-0.0002608, -4.309e-05, 0.0], [-0.0002066, -4.068e-05, 0.0], [-0.000192, -3.75e-05, 0.0], [-0.0002152, -3.472e-05, 0.0], [0.0, 0.0, 0.0], [0.0, 0.0, 0.0], [-0.0002659, -4.309e-05, 0.0], [-0.0002098, -4.068e-05, 0.0], [-0.0001944, -3.75e-05, 0.0], [-0.0002172, -3.472e-05, 0.0], [0.0, 0.0, 0.0], [0.0, 0.0, 0.0], [-0.000271, -4.309e-05, 0.0], [-0.0002131, -4.068e-05, 0.0], [-0.0001968, -3.75e-05, 0.0], [-0.0002192, -3.472e-05, 0.0], [0.0, 0.0, 0.0], [0.0, 0.0, 0.0], [-0.0002762, -4.309e-05, 0.0], [-0.0002163, -4.068e-05, 0.0], [-0.0001993, -3.75e-05, 0.0], [-0.0002212, -3.472e-05, 0.0], [0.0, 0.0, 0.0], [0.0, 0.0, 0.0], [-0.0002813, -4.309e-05, 0.0], [-0.0002195, -4.068e-05, 0.0], [-0.0002017, -3.75e-05, 0.0], [-0.0002233, -3.472e-05, 0.0], [0.0, 0.0, 0.0], [0.0, 0.0, 0.0], [-0.0002865, -4.309e-05, 0.0], [-0.0002228, -4.068e-05, 0.0], [-0.0002042, -3.75e-05, 0.0], [-0.0002253, -3.472e-05, 0.0], [0.0, 0.0, 0.0], [0.0, 0.0, 0.0], [-0.0002916, -4.309e-05, 0.0], [-0.000226, -4.068e-05, 0.0], [-0.0002067, -3.75e-05, 0.0], [-0.0002274, -3.472e-05, 0.0]], "cl_p": [[0.0, 0.0, 0.0], [0.0, 0.0, 0.0], [-0.005812, -5.242e-06, 0.0], [-0.004687, -4.99e-06, 0.0], [-0.004301, -4.609e-06, 0.0], [-0.004301, -4.235e-06, 0.0], [0.0, 0.0, 0.0], [0.0, 0.0, 0.0], [99999.0, 99999.0, 0.0], [99999.0, 99999.0, 0.0], [99999.0, 99999.0, 0.0], [99999.0, 99999.0, 0.0], [0.0, 0.0, 0.0], [0.0, 0.0, 0.0], [99999.0, 99999.0, 0.0], [99999.0, 99999.0, 0.0], [99999.0, 99999.0, 0.0], [99999.0, 99999.0, 0.0], [0.0, 0.0, 0.0], [0.0, 0.0, 0.0], [99999.0, 99999.0, 0.0], [99999.0, 99999.0, 0.0], [99999.0, 99999.0, 0.0], [99999.0, 99999.0, 0.0], [0.0, 0.0, 0.0], [0.0, 0.0, 0.0], [99999.0, 99999.0, 0.0], [99999.0, 99999.0, 0.0], [99999.0, 99999.0, 0.0], [99999.0, 99999.0, 0.0], [0.0, 0.0, 0.0], [0.0, 0.0, 0.0], [99999.0, 99999.0, 0.0], [99999.0, 99999.0, 0.0], [99999.0, 99999.0, 0.0], [99999.0, 99999.0, 0.0], [0.0, 0.0, 0.0], [0.0, 0.0, 0.0], [99999.0, 99999.0, 0.0], [99999.0, 99999.0, 0.0], [99999.0, 99999.0, 0.0], [99999.0, 99999.0, 0.0], [0.0, 0.0, 0.0], [0.0, 0.0, 0.0], [99999.0, 99999.0, 0.0], [99999.0, 99999.0, 0.0], [99999.0, 99999.0, 0.0], [99999.0, 99999.0, 0.0], [0.0, 0.0, 0.0], [0.0, 0.0, 0.0], [99999.0, 99999.0, 0.0], [99999.0, 99999.0, 0.0], [99999.0, 99999.0, 0.0], [99999.0, 99999.0, 0.0]], "cl_r": [[0.0, 0.0, 0.0], [0.0, 0.0, 0.0], [0.0, 0.0, 0.0], [0.0, 0.0, 0.0], [0.0, 0.0, 0.0], [0.0, 0.0, 0.0], [0.0, 0.0, 0.0], [0.0, 0.0, 0.0], [0.0, 0.0, 0.0], [0.0, 0.0, 0.0], [0.0, 0.0, 0.0], [0.0, 0.0, 0.0], [0.0, 0.0, 0.0], [0.0, 0.0, 0.0], [0.0, 0.0, 0.0], [0.0, 0.0, 0.0], [0.0, 0.0, 0.0], [0.0, 0.0, 0.0], [0.0, 0.0, 0.0], [0.0, 0.0, 0.0], [0.0, 0.0, 0.0], [0.0, 0.0, 0.0], [0.0, 0.0, 0.0], [0.0, 0.0, 0.0], [0.0, 0.0, 0.0], [0.0, 0.0, 0.0], [0.0, 0.0, 0.0], [0.0, 0.0, 0.0], [0.0, 0.0, 0.0], [0.0, 0.0, 0.0], [0.0, 0.0, 0.0], [0.0, 0.0, 0.0], [0.0, 0.0, 0.0], [0.0, 0.0, 0.0], [0.0, 0.0, 0.0], [0.0, 0.0, 0.0], [0.0, 0.0, 0.0], [0.0, 0.0, 0.0], [0.0, 0.0, 0.0], [0.0, 0.0, 0.0], [0.0, 0.0, 0.0], [0.0, 0.0, 0.0], [0.0, 0.0, 0.0], [0.0, 0.0, 0.0], [0.0, 0.0, 0.0], [0.0, 0.0, 0.0], [0.0, 0.0, 0.0], [0.0, 0.0, 0.0], [0.0, 0.0, 0.0], [0.0, 0.0, 0.0], [0.0, 0.0, 0.0], [0.0, 0.0, 0.0], [0.0, 0.0, 0.0], [0.0, 0.0, 0.0]]},