{"Cn": {"cn": ["NDM", "NDM", -0.062, -0.563, 0.005, "NDM", "NDM", "NDM", "NDM"], "cn_beta": [-40250.0, -17420.0, -1541.0, 13520.0, -323400000.0, -211100.0, -198500.0, -213200.0, -234300.0], "cn_p": [91770000000.0, 28520000000.0, 1903000000.0, -10880000000.0, -55760000000.0, -137300000000.0, -252900000000.0, -399400000000.0, -577300000000.0], "cn_r": [-11.25, -1.209, -0.004606, -0.08278, -3.132, -20.22, -71.07, -182.4, -385.7]}, "Cl": {"cl_beta": [3401.0, 1115.0, 67.54, -291.5, -1795.0, -4560.0, -8549.0, -13700.0, -19910.0], "cl_p": [-1171000000000.0, -671600000000.0, -283300000000.0, -375200000000.0, -860100000000.0, -1361000000000.0, -1840000000000.0, -2290000000000.0, -2722000000000.0], "cl_r": [1.795e-05, 3.041e-05, 3.611e-05, 3.806e-05, 4.625e-05, 6.132e-05, 8.304e-05, 0.0001111, 0.000145]}, "Cm": {"cm_alpha": [7.417e-08, 0.1579, 0.06597, 0.08661, 0.1986, 0.3151, 0.429, 0.5395, 0.648], "cm_q": [-0.0085]}, "CL": {"col_alpha": [9.742e-10, 0.002036, 0.000859, 0.001137, 0.002608, 0.004126, 0.00558, 0.006943, 0.008253], "col_q": [-1.478e-07]}, "CD": {"cd": ["NDM", "NDM", 0.705, 12.919, "NDM", "NDM", "NDM", "NDM", "NDM"]}, "CY": {"cy_beta": [0.007589, 0.0007083, -0.000117, -6.338e-05, 0.002026, 0.01374, 0.04859, 0.1249, 0.2642], "cy_p": [-1643.0, -1643.0, -1643.0, -1643.0, -1643.0, -1643.0, -1643.0, -1643.0, -1643.0]}}