{"Cn": {"cn": ["NDM", "NDM", -0.062, -0.563, 0.005, "NDM", "NDM", "NDM", "NDM"], "cn_beta": [-86.31, -28.38, -2.238, 3.122, 109400.0, 215.4, 350.8, 551.7, 818.4], "cn_p": [15510000000000.0, 4820000000000.0, 321700000000.0, -1839000000000.0, -9424000000000.0, -23210000000000.0, -42730000000000.0, -67490000000000.0, -97570000000000.0], "cn_r": [-12.14, -1.304, -0.00497, -0.08934, -3.38, -21.83, -76.7, -196.9, -416.2]}, "Cl": {"cl_beta": [3401.0, 1115.0, 67.54, -291.5, -1795.0, -4560.0, -8549.0, -13700.0, -19910.0], "cl_p": [-197900000000000.0, -113500000000000.0, -47880000000000.0, -63400000000000.0, -145400000000000.0, -230000000000000.0, -311000000000000.0, -387000000000000.0, -460000000000000.0], "cl_r": [1.795e-05, 3.041e-05, 3.611e-05, 3.806e-05, 4.625e-05, 6.132e-05, 8.304e-05, 0.0001111, 0.000145]}, "Cm": {"cm_alpha": [-2.378e-11, 0.0003573, 8.98e-05, -2.364e-05, -0.0002121, -0.0006235, -0.001248, -0.002054, -0.002941], "cm_q": [-0.008486]}, "CL": {"col_alpha": [9.742e-10, 0.002036, 0.000859, 0.001137, 0.002608, 0.004126, 0.00558, 0.006943, 0.008253], "col_q": [5.347e-10]}, "CD": {"cd": ["NDM", "NDM", 0.705, 12.919, "NDM", "NDM", "NDM", "NDM", "NDM"]}, "CY": {"cy_beta": [0.007589, 0.0007083, -0.000117, -6.338e-05, 0.002026, 0.01374, 0.04859, 0.1249, 0.2642], "cy_p": [21360.0, 21360.0, 21360.0, 21360.0, 21360.0, 21360.0, 21360.0, 21360.0, 21360.0]}}