{"Cn": {"cn_beta": [], "cn_p": [], "cn_r": []}, "Cl": {"cl_beta": [], "cl_p": [], "cl_r": []}, "Cm": {"cm_alpha": [], "cm_q": [[-0.2731775305964135, -0.27225915966155867, -0.27092138532580634, -0.26902785554838715, -0.2673662624630424, -0.26499749061770217, -0.2622669192930971, 0.0, 0.0], [-0.2278288724344435, -0.22730535231829663, -0.22654992326565093, -0.22553997558460992, -0.22418394918233275, -0.2167823476284525, -0.2215091221557941, -0.2197110049451112, -0.21771042746365765], [-0.19537382822676364, -0.19504826642702255, -0.19457947475487458, -0.1939602478628899, -0.19317309973843066, -0.1921535597304569, -0.19001200612933644, -0.19026187292325858, 0.0], [-0.17100334481767732, -0.17078776726187073, -0.17047725453522844, -0.17006870356439663, -0.1695562801273809, -0.16892616194752463, -0.168131286670814, -0.16676315883756843, -0.1667319948772672], [-0.15203363012972204, -0.15188398871934794, -0.1516680392388281, -0.1513842384781583, -0.1510301328444541, -0.1506007984986013, -0.15008513321035366, -0.1494476653540744, -0.14845765727855564], [-0.13684962607563023, -0.1367417457043274, -0.13658582598274904, -0.136380867710173, -0.13612553306785458, -0.13581786806327045, -0.13545350396881872, -0.13502374773821657, -0.13450099922707182]]}, "CL": {"col_alpha": [[0.09021057373326258, 0.09047972093778611, 0.09078004736817746, 0.09117532284719232, 0.09245150200953844, 0.6454647982767625, 0.08593986633442796, 0.08767869208448076, 0.08752220614915984], [0.09021117602925344, 0.0904803426626799, 0.0907807162775498, 0.09117604449215833, 0.09245222365450445, 0.6453693912611413, 0.08594085443291988, 0.08767970793854829, 0.08752322200322737], [0.09021166036404793, 0.09048090332530734, 0.0907812935935226, 0.09117668842151261, 0.0924528120727075, 0.645291425849237, 0.08594160938457662, 0.08768046289020504, 0.08752403801715047], [0.09021204616654899, 0.0904813390878445, 0.09078177654053832, 0.0911771658174132, 0.09245335608198957, 0.6452258061173666, 0.08594229772285189, 0.0876811012684442, 0.08752474300877111], [0.09021241115236833, 0.09048172489034556, 0.09078216234303937, 0.09117763766219866, 0.09245376131339356, 0.6451693734810249, 0.0859428528343642, 0.08768166748218675, 0.08752530367139855], [0.09021270813702742, 0.09048206073281051, 0.09078257312555849, 0.09117801513802704, 0.0924541554425673, 0.6451199630053139, 0.08594327471911356, 0.08768209491805123, 0.0875258920896016]], "col_q": [[0.1122560128186123, 0.11196365778953776, 0.11157540447115366, 0.11106282560291447, 0.11058864379798194, 0.10996281107900074, 0.10925437221587231, 0.0, 0.0], [0.09361028341370314, 0.09343344709034085, 0.09320332838846923, 0.09291527547361511, 0.09255011201858565, 0.09090562191893525, 0.09181309046368824, 0.09134349387984741, 0.09082758989364947], [0.08027196268800552, 0.08015561270280358, 0.08000627105264613, 0.07982245697757406, 0.07960063719281152, 0.0793271059951195, 0.07881446606461395, 0.07880147645522584, 0.0], [0.07025857395870361, 0.07017725012214981, 0.07007402991199285, 0.06994822776551501, 0.06979873068413411, 0.06962262988352563, 0.06941009433880652, 0.0690749235587873, 0.06901802462877527], [0.06246520245500875, 0.06240568894977372, 0.06233087102014423, 0.06224041282365533, 0.06213387304665474, 0.062010185875038815, 0.06186706147381926, 0.06169697530644669, 0.06145141062674497], [0.05622748794342769, 0.05618237680637961, 0.05612614262240356, 0.056058535591319014, 0.05597945995639009, 0.055888352279431786, 0.055784388219848324, 0.055665738685206634, 0.05552665549579672]]}, "CD": {"cd_alpha": [[0.0010258254315442805, 0.0013639932933129373, 0.001643130336653753, 0.0018287042019560218, 0.0017521382782159645, -0.12828470126458047, 0.004197914585390983, 0.004344942634848525, 0.004826694773030216], [0.0010229718981624725, 0.0013593956689483822, 0.0016366792469912905, 0.0018202215776308428, 0.0017411151513602174, -0.12871936468095146, 0.004186742445788649, 0.004331570345461611, 0.004811872948706775], [0.0010206382614064147, 0.0013556393854696758, 0.0016314054274157996, 0.0018132910103996203, 0.0017321012679705206, -0.12907470092748952, 0.004177607738908851, 0.004320625107689935, 0.004799755731754729], [0.0010186743375911744, 0.0013524762039474059, 0.0016269665302492964, 0.0018074536659029583, 0.0017245186181846783, -0.129373778270242, 0.00416992100571445, 0.004311424134373354, 0.004789556251605376], [0.0010169848470298337, 0.001349756244273248, 0.001623147276308412, 0.0018024340700528718, 0.0017179943231915296, -0.12963102752686084, 0.004163303035653598, 0.004303500611424482, 0.0047807809794297995], [0.001015507079468736, 0.0013473767240812506, 0.0016198101887576755, 0.0017980429645181317, 0.0017122882105258252, -0.1298560749381228, 0.004157513569524873, 0.004296564319605789, 0.004773110205691378]], "cd_q": "cd_q"}, "CY": {"cy_beta": [], "cy_p": []}}