{"Cn": {"cn": [], "cn_beta": [-2.4703275449539097e-06, -2.542991113367067e-06, -2.589883534953423e-06, -2.619110576205022e-06, -2.6295621501801486e-06, -2.6188158087393776e-06, -2.5889489187994226e-06, -2.5411381440916536e-06, -2.472225915195296e-06], "cn_p": [-1.0237074764392963e-09, -1.0830429615750726e-09, -1.2333590496688214e-09, -8.646969342860333e-10, -1.3371621406265852e-09, -1.3432720797688463e-09, -1.2535549951965486e-09, -1.28703628854249e-09, -1.1274182235883374e-09], "cn_r": [5.900812840835843e-10, 4.606999792406951e-10, 8.425898706710636e-10, 6.662450763577466e-10, 5.898789987953271e-10, 5.526878193510581e-10, 5.820826957143803e-10, 4.1571922101904156e-10, 5.003660193086342e-10]}, "Cl": {"cl_beta": [-1.3211884386001016e-07, 2.4471174869464263e-06, 4.325437442031718e-06, 5.466179402559626e-06, 5.848845876559292e-06, 5.466143318956073e-06, 4.325462853020136e-06, 2.447732094052954e-06, -1.3292792973122747e-07], "cl_p": [4.687772118066376e-11, 4.9979886292163724e-11, 5.948153421268019e-11, 3.683320754882582e-11, 6.572492351440124e-11, 6.638924195992809e-11, 6.064253390118664e-11, 6.279984161824025e-11, 5.283237727552221e-11], "cl_r": [-3.083204580896599e-11, -2.307087378520118e-11, -4.613554888568704e-11, -3.547563485009467e-11, -3.0731392868128265e-11, -2.860882601425868e-11, -3.0270483230861395e-11, -2.0214825925208715e-11, -2.5468405091897847e-11]}, "Cm": {"cm_alpha": [1.5194697713591387e-05, 2.4672741605856474e-05, 3.396996225979443e-05, 4.300685784060232e-05, 5.171503416473433e-05, 6.003042030480743e-05, 6.788984522124175e-05, 7.523210570140049e-05, 8.200137617542236e-05], "cm_q": [2.2741140567883456e-08, 2.3641028371046424e-08, 2.2784508654782876e-08, 2.3153137393427947e-08, 2.3787395664331967e-08, 2.3380819849649903e-08, 2.2090619264392153e-08, 2.3272399632401353e-08, 2.316940042601523e-08]}, "CL": {"col_alpha": [0.01041354016906304, 0.015137528730502225, 0.019981892529497003, 0.024848192947679593, 0.02964231637925252, 0.034271363524851495, 0.03864395470287718, 0.042671444155928384, 0.04627066507723043], "col_q": [1.3336554083309693e-05, 1.3838930001952576e-05, 1.3278267374516872e-05, 1.3550272015550036e-05, 1.3949952304415092e-05, 1.360300760921973e-05, 1.301736496372996e-05, 1.3658518760450988e-05, 1.3528067555057532e-05]}, "CD": {"cd": [0.006116167988734489, 0.00470553127712714, 0.003920290199237175, 0.003776327514581901, 0.004276567294736466, 0.005410864811761229, 0.007157438530747129, 0.00948273126688548, 0.01234170127206724], "cd_q": [0.006116167988734489, 0.00470553127712714, 0.003920290199237175, 0.003776327514581901, 0.004276567294736466, 0.005410864811761229, 0.007157438530747129, 0.00948273126688548, 0.01234170127206724]}, "CY": {"cy_beta": [-0.0004999785307990834, -0.0009935399725158334, -0.0013488678923812003, -0.0015653883571331573, -0.0016385286312530604, -0.0015651656186388418, -0.001348164722220213, -0.0009922373686577224, -0.0005012870327170127], "cy_p": [-7.5906586517651e-07, -8.000365947253164e-07, -9.156524415640868e-07, -6.379061029946655e-07, -9.92029590135387e-07, -9.982300224050875e-07, -9.306790601582623e-07, -9.546902419272588e-07, -8.35962734853455e-07]}}