{"Cn": {"cn_beta": [], "cn_p": [], "cn_r": []}, "Cl": {"cl_beta": [], "cl_p": [], "cl_r": []}, "Cm": {"cm_alpha": [], "cm_q": [[-2.8776980798284058e-05, -5.5644377994212846e-05, -0.0002849276370398002, -0.00018101076193488552, 0.0, -235590581.56571078, 1182798047.0384464, -320561762.8865388, -312990767.02619624, -8.315570454442422e-06, -164124712.17866164, 120622222.40866384, -1.865174681370263e-06, -117007028.66704926, -8.64863736182997e-06, -688693929.8103262, 236726805.73484913, -270151564.3773381, -691635047.5019153, -940921769.1028551, -1109724165.7035453]]}, "CL": {"col_alpha": [[0.0, 0.0, 224654827.9375158, 0.0, 0.0, 0.0, 0.0, -1764042214.6233418, -0.15658467838325363, -201465798.48883802, 500033303.90234345, -210290524.53932238, 4830206536.877006, 1460858507.8145216, 0.0, 0.0, 0.0, 0.0, 139081167.02967742, 0.042539405331609714, 0.0]], "col_q": [[8.313350008393172e-05, 0.00017292833831561438, 0.0008782308213994838, 0.000574118530494161, 0.0, 328375377.80357593, -3626838390.222406, 1181677504.6550276, 854001635.1165782, 2.6578739209526248e-05, 500033304.25091887, -1055759087.9086831, 8.171241461241152e-06, 346285756.1123183, 2.757793993168889e-05, 2253403337.5280347, -901473201.2740598, 866290423.2659141, 2401942977.654235, 2863748290.566356, 3459137469.0625863]]}, "CD": {"cd_alpha": [[0.0, 0.0, -19237023.761982385, 0.0, 0.0, 0.0, 0.0, 866847327.4346575, 0.0050411119723037245, 71870920.63992313, -108753655.91180186, 14767079.351006184, 1360491032.5761328, 641519164.3470638, 0.0, 0.0, 0.0, 0.0, 198549227.62048444, 0.026186630641689135, 0.0]], "cd_q": "cd_q"}, "CY": {"cy_beta": [], "cy_p": []}}