{"Cn": {"cn": [], "cn_beta": [3.979800430181646e-05, 4.090906216211443e-05, 4.170865855381706e-05, 4.2190965890247234e-05, 4.2352112882718124e-05, 4.2190965890247234e-05, 4.170880221060491e-05, 4.0909100109190466e-05, 3.979796635474042e-05], "cn_p": [-1.3283537020591625e-07, -1.3287062795234571e-07, -1.328911367375811e-07, -1.3289367254246695e-07, -1.3297565847534564e-07, -1.3285695366420348e-07, -1.3286933622710115e-07, -1.3275905253736864e-07, -1.3302995484972425e-07], "cn_r": [-1.4798505845216303e-06, -1.4797518204799805e-06, -1.4795208345952642e-06, -1.479853591488593e-06, -1.47981818372391e-06, -1.479687657734226e-06, -1.4797264941948576e-06, -1.479709977052386e-06, -1.4798834493999838e-06]}, "Cl": {"cl_beta": [-0.00021273755326789434, -0.00021881634958836882, -0.00022322356636739205, -0.0002258949429422008, -0.00022678968030096237, -0.00022589484536400528, -0.0002232238482599569, -0.00021881634958836882, -0.00021273685937850395], "cl_p": [-1.2355657404324039e-05, -1.2355639786038736e-05, -1.2355462247932991e-05, -1.2355586931182827e-05, -1.2355542486144728e-05, -1.2355520523799762e-05, -1.2355584220677396e-05, -1.2355565247139377e-05, -1.2355456826922129e-05], "cl_r": [-1.7522086077003882e-06, -1.752416300179055e-06, -1.7524223988162752e-06, -1.75245331551885e-06, -1.7526023126663958e-06, -1.75247948883692e-06, -1.7523109292804165e-06, -1.7525592793405514e-06, -1.7521801473933604e-06]}, "Cm": {"cm_alpha": [-0.0011568648816684401, -0.0013790545094760631, -0.0015907490602540264, -0.0017903303839439388, -0.001976293434458043, -0.002147216432435428, -0.0023017927841539887, -0.002438856755437868, -0.0025573536344136727], "cm_q": [-0.00012735888732517964, -0.0001274667871253854, -0.00012755942135900256, -0.00012766593338042753, -0.00012776377178447262, -0.00012786785519303123, -0.00012796916304402828, -0.0001280652667245974, -0.0001281696970778512]}, "CL": {"col_alpha": [0.03366052436781786, 0.034106080459839205, 0.034314877501995245, 0.03428354128365285, 0.03401227077759472, 0.03350469901519659, 0.03276788840267386, 0.03181207519631357, 0.03065067644136832], "col_q": [0.0012202794330562483, 0.0012202794330562483, 0.0012202766574986867, 0.0012202933108440561, 0.0012202655552684405, 0.0012203377197650411, 0.0012202960864016177, 0.0012203377197650411, 0.0012203016375167408]}, "CD": {"cd": [-0.002853675108716036, -0.0015626033453286503, -0.00023529798443867878, 0.0011030003950127099, 0.002426840325919777, 0.0037110042469534754, 0.004930960501026149, 0.0060632734943943944, 0.0070860407819228755], "cd_q": [-0.002853675108716036, -0.0015626033453286503, -0.00023529798443867878, 0.0011030003950127099, 0.002426840325919777, 0.0037110042469534754, 0.004930960501026149, 0.0060632734943943944, 0.0070860407819228755]}, "CY": {"cy_beta": [-0.00024276730799244195, -0.0002580288413489562, -0.00026911914537131043, -0.00027584874488784106, -0.0002781041941754728, -0.0002758495038293618, -0.0002691192104234408, -0.0002580297087106942, -0.00024276821872226684], "cy_p": [2.7554930451083315e-06, 2.7559314693618303e-06, 2.7558826802640685e-06, 2.7557895066398705e-06, 2.757712694819164e-06, 2.7560536115128244e-06, 2.755878783912511e-06, 2.7545731673276133e-06, 2.756815432945585e-06]}}