{"Cn": {"cn": [], "cn_beta": [], "cn_p": [], "cn_r": []}, "Cl": {"cl_beta": [], "cl_p": [], "cl_r": []}, "Cm": {"cm_alpha": [], "cm_q": [[4.2825985813177425e-09, 3.3718687564299188e-09, 2.846030702774449e-09, 1.2522535092207576e-09, 2.7592945289756088e-09, 2.531612072753653e-09, 2.6020852139652106e-09, 2.043721095135176e-09, 2.6237692574149207e-09]]}, "CL": {"col_alpha": [[0.010410725753695615, 0.01513512232209635, 0.019980472831804263, 0.02484696337567982, 0.029642996390855103, 0.034271613325032035, 0.03864411013410063, 0.04267127762247469, 0.046270809406223634]], "col_q": [[2.4424906541753444e-06, 1.9595436384634013e-06, 1.7180701306074297e-06, 7.688294445529209e-07, 1.7180701306074297e-06, 1.4460654895742664e-06, 1.5987211554602254e-06, 1.1851630787873546e-06, 1.609823385706477e-06]]}, "CD": {"cd_alpha": [[0.006116713385795336, 0.004706147971322849, 0.003920554549410871, 0.003776548171408045, 0.0042764840280096195, 0.005410860648424887, 0.007157448245198594, 0.009482732654664261, 0.012341690169836994]], "cd_q": "cd_q"}, "CY": {"cy_beta": [], "cy_p": []}}