{"Cn": {"cn_beta": [], "cn_p": [], "cn_r": []}, "Cl": {"cl_beta": [], "cl_p": [], "cl_r": []}, "Cm": {"cm_alpha": [], "cm_q": [[0.0, 0.0, -11.076112116370496, -12.051565079218562, -12.283000927482135, -12.160218432200054, -11.517309417286015, 0.0, 0.0, -0.07409027558136216, -0.07409507868372245, -0.07408396816204008, -0.07406574104029673, -0.07404156177059917, -0.0740117800379636, -0.07397643608797466, -0.07393556877843821, -0.07388920586492986, -0.07383731404075888, -0.0737799488170765, -0.07371699917158026]]}, "CL": {"col_alpha": [[0.0, 0.0, -2053310046.182717, 60242.30847998524, 0.0, 0.0, 0.0, 0.0, 4.841186029835853, 4.534086706087237, 0.08392451612132534, 0.08442516546969259, 0.08518449834404862, 0.08864624589932646, 0.07616898223261614, 0.08206815227396191, 0.08196797129933486, 0.0816175460549573, 0.0811757772112287, 0.08072982282669727, 0.08030878184683843]], "col_q": [[0.0, 0.0, 1.6190215390565754, 1.7609352198633133, 1.7950046782289064, 1.7775336758063531, 1.6842855110610344, 0.0, 0.0, 0.017175175864858616, 0.017171811021732264, 0.017165885553283022, 0.017158806667194604, 0.017150759284989547, 0.01714179284628692, 0.017131911167478364, 0.017121146167475843, 0.017109479111265813, 0.017096923876636083, 0.017083470749135188, 0.017069137769887277]]}, "CD": {"cd_alpha": [[0.0, 0.0, 5714788807.055994, -172291.4711734802, 0.0, 0.0, 0.0, 0.0, -9.573492398828876, -7.954386216368903, 0.00016254827345241196, 0.0015293192059950833, 0.0026689140480984364, 0.0031704885244954184, 0.006294975651854884, 0.007617693281725124, 0.009207930945498433, 0.010800826899526328, 0.012379662572836736, 0.013940508469811874, 0.01548408901097531]], "cd_q": "cd_q"}, "CY": {"cy_beta": [], "cy_p": []}}