{"mass_of_battery_or_fuel": 0.0, "maximum_takeoff_weight": 0.0, "mass_of_payload": 0.0, "mass_of_engine_or_motor": 0.0, "center_of_gravity": {"x": 0.3271263636208613, "y": 2.6469219425569278e-06, "z": 0.016902844721794867}}